"","Word","AmbiguityType","Length","Meanings","Senses","fSense","famfRes","eDom_biggest","colN","nLet","nSyll","nMeanings","nSenses","OLD","Imageability","ZipfFreq_Subtlex","OLD20","nsyl","coltN","nMeanings_WMD","nSenses_WMD"
"1","advance","Polysemy",7,"One","Many",2,-0.354285714285714,NA,NA,NA,NA,NA,NA,NA,NA,4.42,2.6,2,0,1,13
"2","alike","Unambiguous",5,"One","Few",1,-0.335367317867319,NA,NA,NA,NA,NA,NA,NA,NA,3.75,1.9,2,1,1,2
"3","alley","Homonymy",5,"Many","Few",1,-0.33687728937729,98,5,5,2,2,6,1.55,139,3.68,1.7,2,2,2,6
"4","angle","Hybrid",5,"Many","Many",2,-0.0593783068783074,79,5,5,2,2,11,1.3,85,4.45,1.5,2,1,2,11
"5","arch","Homonymy",4,"Many","Few",1,-0.515448717948718,91,3,4,1,2,6,1.55,126,3.88,1.7,1,1,2,6
"6","bail","Hybrid",4,"Many","Many",2,-0.95223544973545,66,18,4,1,3,11,1,71,4.33,1.1,1,15,3,11
"7","band","Homonymy",4,"Many","Few",1,0.984551282051282,60,19,4,1,2,7,1,145,4.94,1,1,15,2,7
"8","bang","Hybrid",4,"Many","Many",2,0.369193121693121,66,23,4,1,2,13,1,64,4.62,1.1,1,14,2,13
"9","bank","Hybrid",4,"Many","Many",2,0.762050264550265,78,21,4,1,2,12,1,129,5.28,1,1,18,2,12
"10","base","Homonymy",4,"Many","Few",1,-0.0868772893772896,86,18,4,1,2,9,1,44,4.72,1.1,1,14,2,9
"11","bass","Homonymy",4,"Many","Few",1,-0.408305860805862,59,23,4,1,3,5,1,114,4.18,1,1,17,3,5
"12","bean","Unambiguous",4,"One","Few",1,0.34320411070411,NA,NA,NA,NA,NA,NA,NA,NA,4.06,1.1,1,13,1,5
"13","bear","Hybrid",4,"Many","Many",2,0.97633597883598,72,21,4,1,2,13,1,139,4.88,1,1,19,2,13
"14","beg","Unambiguous",3,"One","Few",1,0.736061253561252,NA,NA,NA,NA,NA,NA,NA,NA,4.1,1.15,1,14,1,4
"15","belt","Polysemy",4,"One","Many",2,1.07428571428571,NA,NA,NA,NA,NA,NA,NA,NA,4.32,1.35,1,11,1,11
"16","bench","Unambiguous",5,"One","Few",1,0.486061253561252,NA,NA,NA,NA,NA,NA,NA,NA,4.2,1.65,1,6,1,6
"17","bind","Polysemy",4,"One","Many",2,-1.31857142857143,NA,NA,NA,NA,NA,NA,NA,NA,3.48,1.2,1,12,1,13
"18","bird","Unambiguous",4,"One","Few",1,1.34320411070411,NA,NA,NA,NA,NA,NA,NA,NA,4.85,1.7,1,4,1,5
"19","birth","Unambiguous",5,"One","Few",1,0.236061253561252,NA,NA,NA,NA,NA,NA,NA,NA,4.61,1.7,1,5,1,4
"20","blame","Unambiguous",5,"One","Few",1,0.378918396418396,NA,NA,NA,NA,NA,NA,NA,NA,4.66,1.6,1,4,1,4
"21","blank","Polysemy",5,"One","Many",2,0.431428571428571,NA,NA,NA,NA,NA,NA,NA,NA,4.12,1.55,1,6,1,12
"22","blaze","Hybrid",5,"Many","Many",2,-0.309378306878307,85,6,5,1,3,11,1.4,179,3.61,1.45,1,5,3,11
"23","bless","Unambiguous",5,"One","Few",1,-0.299653032153033,NA,NA,NA,NA,NA,NA,NA,NA,4.26,1.9,1,1,1,5
"24","bluff","Homonymy",5,"Many","Few",1,-0.801163003663004,84,1,5,1,2,8,1.8,179,3.36,1.8,1,1,2,8
"25","boil","Homonymy",4,"Many","Few",1,0.41312271062271,77,8,4,1,2,9,1.4,106,4.08,1.45,1,8,2,9
"26","bolt","Hybrid",4,"Many","Many",2,-0.345092592592593,89,17,4,1,2,15,1,121,4,1.35,1,12,2,15
"27","bomb","Unambiguous",4,"One","Few",1,0.628918396418396,NA,NA,NA,NA,NA,NA,NA,NA,4.49,1.7,1,4,1,8
"28","bond","Unambiguous",4,"One","Few",1,-0.371081603581604,NA,NA,NA,NA,NA,NA,NA,NA,4.46,1.35,1,8,1,6
"29","boom","Hybrid",4,"Many","Many",2,0.29776455026455,82,12,4,1,2,12,1.05,179,4.5,1.25,1,10,2,12
"30","boot","Unambiguous",4,"One","Few",1,1.05748982498982,NA,NA,NA,NA,NA,NA,NA,NA,4.43,1,1,18,1,8
"31","bound","Hybrid",5,"Many","Many",2,-1.02366402116402,41,7,5,1,4,13,1.45,179,4.34,1.5,1,7,4,13
"32","bow","Hybrid",3,"Many","Many",2,0.0120502645502647,NA,NA,NA,NA,NA,NA,NA,NA,4.22,1,1,19,3,20
"33","bowl","Hybrid",4,"Many","Many",2,1.22633597883598,67,10,4,1,2,14,1.25,145,4.69,1.35,1,9,2,14
"34","brace","Polysemy",5,"One","Many",2,-0.568571428571429,NA,NA,NA,NA,NA,NA,NA,NA,3.66,1.5,1,6,1,11
"35","brag","Unambiguous",4,"One","Few",1,-0.192510175010176,NA,NA,NA,NA,NA,NA,NA,NA,2.92,1.35,1,9,1,5
"36","brake","Homonymy",5,"Many","Few",1,0.270265567765567,96,5,5,1,3,7,1.45,91,3.84,1.45,1,6,3,7
"37","bread","Unambiguous",5,"One","Few",1,1.16463268213268,NA,NA,NA,NA,NA,NA,NA,NA,4.69,1.5,1,6,1,4
"38","buck","Hybrid",4,"Many","Many",2,0.119193121693121,68,18,4,1,4,13,1,179,3.96,1.2,1,15,4,13
"39","buff","Homonymy",4,"Many","Few",1,-1.12259157509158,65,13,4,1,2,9,1.1,179,3.37,1.45,1,9,2,9
"40","bug","Unambiguous",3,"One","Few",1,1.09320411070411,NA,NA,NA,NA,NA,NA,NA,NA,4.07,1,1,19,1,6
"41","bunk","Homonymy",4,"Many","Few",1,-0.694020146520147,91,18,4,1,2,4,1,179,3.45,1.25,1,13,2,4
"42","burn","Polysemy",4,"One","Many",2,0.86,NA,NA,NA,NA,NA,NA,NA,NA,4.4,1.4,1,7,1,14
"43","bush","Homonymy",4,"Many","Few",1,0.305979853479853,87,14,4,1,2,6,1.05,119,4.29,1.2,1,12,2,6
"44","bust","Hybrid",4,"Many","Many",2,-0.916521164021164,69,16,4,1,2,12,1,179,4.12,1.15,1,13,2,12
"45","calm","Unambiguous",4,"One","Few",1,0.914632682132681,NA,NA,NA,NA,NA,NA,NA,NA,4.72,1.65,1,5,1,6
"46","camp","Homonymy",4,"Many","Few",1,0.627408424908424,90,11,4,1,2,9,1,151,4.57,1.15,1,9,2,9
"47","capital","Hybrid",7,"Many","Many",2,-0.345092592592593,91,2,7,3,2,11,2.15,96,4.77,NA,NA,NA,2,11
"48","card","Homonymy",4,"Many","Few",1,1.09169413919414,91,21,4,1,2,6,1,144,4.89,1.15,1,12,2,6
"49","cast","Polysemy",4,"One","Many",2,-0.568571428571429,NA,NA,NA,NA,NA,NA,NA,NA,4.58,1,1,18,1,18
"50","cat","Homonymy",3,"Many","Few",1,1.948836996337,92,38,3,1,2,5,1,170,4.83,1,1,23,2,5
"51","charm","Polysemy",5,"One","Many",2,-0.461428571428571,NA,NA,NA,NA,NA,NA,NA,NA,4.19,1.6,1,5,1,11
"52","chase","Hybrid",5,"Many","Many",2,0.440621693121693,86,5,5,1,3,12,1.4,179,4.31,1.45,1,5,3,12
"53","cheat","Polysemy",5,"One","Many",2,1.03857142857143,NA,NA,NA,NA,NA,NA,NA,NA,3.87,1.65,1,4,1,11
"54","chess","Homonymy",5,"Many","Few",1,0.0559798534798528,96,4,5,1,3,3,1.7,179,3.91,1.75,1,4,3,3
"55","chill","Polysemy",5,"One","Many",2,0.217142857142858,NA,NA,NA,NA,NA,NA,NA,NA,4.05,1.75,1,1,1,12
"56","chip","Homonymy",4,"Many","Few",1,0.448836996336996,75,14,4,1,2,8,1.05,179,4.26,1.25,1,10,2,8
"57","clam","Unambiguous",4,"One","Few",1,0.307489824989824,NA,NA,NA,NA,NA,NA,NA,NA,3.35,1.4,1,7,1,5
"58","clap","Polysemy",4,"One","Many",2,0.645714285714286,NA,NA,NA,NA,NA,NA,NA,NA,3.92,1.2,1,11,1,11
"59","clip","Hybrid",4,"Many","Many",2,0.226335978835979,62,9,4,1,2,16,1.4,179,4.26,1.6,1,6,2,16
"60","clock","Homonymy",5,"Many","Few",1,1.41312271062271,96,8,5,1,2,4,1.4,167,4.89,1.45,1,8,2,4
"61","clutch","Hybrid",6,"Many","Many",2,-0.273664021164021,86,1,6,1,2,12,1.9,179,3.54,1.95,1,1,2,12
"62","coal","Unambiguous",4,"One","Few",1,0.450346967846967,NA,NA,NA,NA,NA,NA,NA,NA,4.32,1.5,1,7,1,3
"63","comb","Unambiguous",4,"One","Few",1,0.236061253561252,NA,NA,NA,NA,NA,NA,NA,NA,3.59,1.5,1,6,1,9
"64","compound","Hybrid",8,"Many","Many",2,-1.13080687830688,66,0,8,2,2,14,2.6,179,3.79,2.7,2,0,2,14
"65","cord","Unambiguous",4,"One","Few",1,-0.478224460724461,NA,NA,NA,NA,NA,NA,NA,NA,3.65,1.15,1,12,1,8
"66","corn","Homonymy",4,"Many","Few",1,1.30597985347985,89,21,4,1,2,7,1,161,3.94,1.05,1,13,2,7
"67","corrupt","Hybrid",7,"Many","Many",2,-0.845092592592593,NA,NA,NA,NA,NA,NA,NA,NA,3.69,2.75,2,0,2,22
"68","cost","Hybrid",4,"Many","Many",2,0.512050264550265,100,17,4,1,2,12,1,24,5.17,1.15,1,13,2,12
"69","costume","Homonymy",7,"Many","Few",1,0.270265567765567,NA,NA,NA,NA,NA,NA,NA,NA,4.17,2.45,2,0,2,8
"70","cottage","Homonymy",7,"Many","Few",1,-0.301163003663004,NA,NA,NA,NA,NA,NA,NA,NA,4.5,1.85,2,1,2,4
"71","couch","Homonymy",5,"Many","Few",1,0.877408424908424,NA,NA,NA,NA,NA,NA,NA,NA,3.62,1.6,1,6,2,8
"72","cough","Hybrid",5,"Many","Many",2,0.79776455026455,NA,NA,NA,NA,NA,NA,NA,NA,3.68,1.55,1,8,2,12
"73","counsel","Hybrid",7,"Many","Many",2,-1.23794973544974,NA,NA,NA,NA,NA,NA,NA,NA,3.45,2.45,2,0,2,12
"74","count","Hybrid",5,"Many","Many",2,0.404907407407407,87,3,5,1,3,21,1.65,58,4.71,1.7,1,3,3,21
"75","crab","Homonymy",4,"Many","Few",1,0.948836996336996,71,9,4,1,2,9,1.4,152,4.21,1.55,1,7,2,9
"76","crack","Polysemy",5,"One","Many",2,-0.0685714285714285,NA,NA,NA,NA,NA,NA,NA,NA,4.53,1.6,1,6,1,15
"77","crash","Hybrid",5,"Many","Many",2,0.690621693121693,96,5,5,1,2,15,1.65,179,4.54,1.65,1,5,2,15
"78","creep","Polysemy",5,"One","Many",2,-0.0685714285714285,NA,NA,NA,NA,NA,NA,NA,NA,3.72,1.7,1,4,1,12
"79","crib","Polysemy",4,"One","Many",2,0.181428571428571,NA,NA,NA,NA,NA,NA,NA,NA,3.21,1.85,1,1,1,11
"80","crop","Polysemy",4,"One","Many",2,-0.282857142857142,NA,NA,NA,NA,NA,NA,NA,NA,4.1,1.5,1,7,1,12
"81","crown","Polysemy",5,"One","Many",2,0.538571428571429,NA,NA,NA,NA,NA,NA,NA,NA,4.53,1.5,1,8,1,21
"82","culture","Unambiguous",7,"One","Few",1,-0.0496530321530333,NA,NA,NA,NA,NA,NA,NA,NA,4.73,2.2,2,1,1,7
"83","curb","Unambiguous",4,"One","Few",1,0.164632682132681,NA,NA,NA,NA,NA,NA,NA,NA,3.26,1.6,1,5,1,4
"84","daily","Unambiguous",5,"One","Few",1,0.664632682132681,NA,NA,NA,NA,NA,NA,NA,NA,4.63,1.7,2,6,1,4
"85","damp","Unambiguous",4,"One","Few",1,0.236061253561252,NA,NA,NA,NA,NA,NA,NA,NA,4.34,1.35,1,10,1,8
"86","darn","Homonymy",4,"Many","Few",1,-1.32232702482703,87,21,4,1,2,7,1,179,3.33,1.45,1,10,2,7
"87","dash","Polysemy",4,"One","Many",2,-0.461428571428571,NA,NA,NA,NA,NA,NA,NA,NA,3.99,1.45,1,10,1,12
"88","decay","Unambiguous",5,"One","Few",1,-0.263938746438748,NA,NA,NA,NA,NA,NA,NA,NA,3.49,1.8,2,3,1,8
"89","deck","Unambiguous",4,"One","Few",1,0.414632682132681,NA,NA,NA,NA,NA,NA,NA,NA,4.1,1.55,1,8,1,6
"90","diet","Homonymy",4,"Many","Few",1,0.305979853479853,92,10,4,2,2,7,1.3,74,4.26,1.65,2,5,2,7
"91","dime","Unambiguous",4,"One","Few",1,0.807489824989824,NA,NA,NA,NA,NA,NA,NA,NA,3.18,1.25,1,12,1,1
"92","dip","Polysemy",3,"One","Many",2,0.181428571428571,NA,NA,NA,NA,NA,NA,NA,NA,4.22,1.15,1,15,1,15
"93","dish","Unambiguous",4,"One","Few",1,0.950346967846967,NA,NA,NA,NA,NA,NA,NA,NA,4.94,1.7,1,5,1,7
"94","dive","Polysemy",4,"One","Many",2,0.145714285714286,NA,NA,NA,NA,NA,NA,NA,NA,4.26,1.1,1,13,1,12
"95","dock","Hybrid",4,"Many","Many",2,0.369193121693121,78,16,4,1,4,13,1.05,128,3.95,1.3,1,12,4,13
"96","dome","Unambiguous",4,"One","Few",1,-1.04965303215303,NA,NA,NA,NA,NA,NA,NA,NA,3.73,1.15,1,14,1,7
"97","draft","Polysemy",5,"One","Many",2,-0.711428571428571,NA,NA,NA,NA,NA,NA,NA,NA,3.87,1.65,1,3,1,16
"98","drag","Polysemy",4,"One","Many",2,-0.175714285714285,NA,NA,NA,NA,NA,NA,NA,NA,4.16,1.5,1,8,1,12
"99","dress","Polysemy",5,"One","Many",2,1.18142857142857,NA,NA,NA,NA,NA,NA,NA,NA,4.85,1.65,1,5,1,11
"100","drift","Polysemy",5,"One","Many",2,-0.818571428571429,NA,NA,NA,NA,NA,NA,NA,NA,3.81,1.8,1,1,1,11
"101","drill","Hybrid",5,"Many","Many",2,-0.095092592592593,85,7,5,1,3,18,1.5,138,3.96,1.55,1,6,3,18
"102","drove","Homonymy",5,"Many","Few",1,0.127408424908424,83,6,5,1,2,5,1.5,10,4.2,1.55,1,5,2,5
"103","duck","Hybrid",4,"Many","Many",2,1.01205026455026,59,18,4,1,3,12,1,177,4.53,1.15,1,15,3,12
"104","dug","Homonymy",3,"Many","Few",1,0.0559798534798528,97,25,3,1,2,2,1,179,4.07,1.05,1,16,2,2
"105","dust","Polysemy",4,"One","Many",2,0.324285714285715,NA,NA,NA,NA,NA,NA,NA,NA,4.39,1.3,1,11,1,11
"106","earn","Unambiguous",4,"One","Few",1,0.236061253561252,NA,NA,NA,NA,NA,NA,NA,NA,4.36,1.45,1,7,1,4
"107","evil","Unambiguous",4,"One","Few",1,0.200346967846967,NA,NA,NA,NA,NA,NA,NA,NA,4.45,1.9,2,0,1,7
"108","fairy","Unambiguous",5,"One","Few",1,-0.0139387464387477,NA,NA,NA,NA,NA,NA,NA,NA,4.16,1.65,2,4,1,3
"109","farm","Unambiguous",4,"One","Few",1,0.807489824989824,NA,NA,NA,NA,NA,NA,NA,NA,4.81,1.5,1,7,1,5
"110","feather","Polysemy",7,"One","Many",2,0.538571428571429,NA,NA,NA,NA,NA,NA,NA,NA,3.88,1.7,2,3,1,12
"111","feed","Polysemy",4,"One","Many",2,0.824285714285715,NA,NA,NA,NA,NA,NA,NA,NA,4.69,1,1,15,1,11
"112","fell","Homonymy",4,"Many","Few",1,0.448836996336996,82,21,4,1,4,7,1,40,4.83,1.3,1,13,4,7
"113","file","Homonymy",4,"Many","Few",1,0.520265567765567,64,23,4,1,2,9,1,49,4.08,1.1,1,14,2,9
"114","fill","Unambiguous",4,"One","Few",1,0.378918396418396,NA,NA,NA,NA,NA,NA,NA,NA,4.64,1,1,16,1,9
"115","fish","Unambiguous",4,"One","Few",1,1.34320411070411,NA,NA,NA,NA,NA,NA,NA,NA,5.19,1.75,1,4,1,7
"116","fit","Hybrid",3,"Many","Many",2,0.72633597883598,69,27,3,1,2,11,1,179,4.97,1,1,16,2,11
"117","fix","Polysemy",3,"One","Many",2,0.36,NA,NA,NA,NA,NA,NA,NA,NA,4.57,1.5,1,10,1,13
"118","flag","Homonymy",4,"Many","Few",1,0.948836996336996,83,14,4,1,4,8,1.1,164,4.42,1.4,1,9,4,8
"119","flash","Polysemy",5,"One","Many",2,0.181428571428571,NA,NA,NA,NA,NA,NA,NA,NA,4.2,1.6,1,6,1,16
"120","flat","Hybrid",4,"Many","Many",2,0.654907407407407,77,17,4,1,2,17,1,179,4.99,1.25,1,11,2,17
"121","fleet","Homonymy",5,"Many","Few",1,-1.44402014652015,79,4,5,1,2,8,1.65,90,4.05,1.75,1,2,2,8
"122","flip","Hybrid",4,"Many","Many",2,0.690621693121693,81,7,4,1,3,12,1.5,179,4.03,1.6,1,6,3,12
"123","float","Polysemy",5,"One","Many",2,0.145714285714286,NA,NA,NA,NA,NA,NA,NA,NA,3.96,1.7,1,3,1,14
"124","flush","Hybrid",5,"Many","Many",2,-0.0236640211640209,59,5,5,1,4,20,1.65,103,3.74,1.7,1,5,4,20
"125","fly","Hybrid",3,"Many","Many",2,1.26205026455026,59,11,3,1,2,15,1.25,148,4.9,1.65,1,6,2,15
"126","fold","Hybrid",4,"Many","Many",2,0.762050264550265,88,14,4,1,2,20,1.1,179,4.04,1.35,1,11,2,20
"127","ford","Unambiguous",4,"One","Few",1,-1.31552604802605,NA,NA,NA,NA,NA,NA,NA,NA,4.21,1.25,1,12,1,2
"128","forge","Homonymy",5,"Many","Few",1,-1.80380850630851,71,5,5,1,2,9,1.4,179,3.57,1.5,1,4,2,9
"129","foul","Polysemy",4,"One","Many",2,-0.175714285714285,NA,NA,NA,NA,NA,NA,NA,NA,4.03,1.6,1,6,1,21
"130","frame","Unambiguous",5,"One","Few",1,0.0217755392755388,NA,NA,NA,NA,NA,NA,NA,NA,4.76,1.8,1,1,1,9
"131","freak","Homonymy",5,"Many","Few",1,-0.0154487179487184,97,4,5,1,2,6,1.7,179,4.06,1.75,1,3,2,6
"132","funk","Homonymy",4,"Many","Few",1,-1.06306776556777,70,13,4,1,2,6,1.15,179,3.18,1.3,1,10,2,6
"133","fuse","Unambiguous",4,"One","Few",1,-1.3710816035816,NA,NA,NA,NA,NA,NA,NA,NA,3.66,1.65,1,4,1,5
"134","gang","Homonymy",4,"Many","Few",1,0.41312271062271,95,17,4,1,2,5,1,107,4.39,1.4,1,10,2,5
"135","gas","Polysemy",3,"One","Many",2,0.752857142857144,NA,NA,NA,NA,NA,NA,NA,NA,4.77,1.05,1,10,1,14
"136","gate","Unambiguous",4,"One","Few",1,0.700346967846967,NA,NA,NA,NA,NA,NA,NA,NA,4.34,1,1,16,1,3
"137","gloss","Homonymy",5,"Many","Few",1,-0.479734432234433,79,5,5,1,2,8,1.6,179,3.38,1.7,1,4,2,8
"138","gold","Polysemy",4,"One","Many",2,1.00285714285714,NA,NA,NA,NA,NA,NA,NA,NA,5.1,1.3,1,12,1,11
"139","goose","Unambiguous",5,"One","Few",1,0.378918396418396,NA,NA,NA,NA,NA,NA,NA,NA,4.03,1.7,1,4,1,6
"140","grave","Hybrid",5,"Many","Many",2,0.29776455026455,56,9,5,1,4,12,1.15,172,4.2,1.25,1,9,4,12
"141","grind","Polysemy",5,"One","Many",2,-0.461428571428571,NA,NA,NA,NA,NA,NA,NA,NA,3.63,1.7,1,2,1,12
"142","grip","Polysemy",4,"One","Many",2,-0.282857142857142,NA,NA,NA,NA,NA,NA,NA,NA,4.14,1.55,1,6,1,14
"143","gum","Hybrid",3,"Many","Many",2,1.33347883597884,65,23,3,1,2,12,1,179,3.72,1.3,1,11,2,12
"144","gut","Polysemy",3,"One","Many",2,-0.568571428571429,NA,NA,NA,NA,NA,NA,NA,NA,3.95,1.05,1,15,1,11
"145","hack","Hybrid",4,"Many","Many",2,-0.809378306878307,69,20,4,1,2,19,1,179,3.5,1.05,1,16,2,19
"146","hail","Hybrid",4,"Many","Many",2,-0.416521164021164,64,17,4,1,2,12,1,68,3.67,1.2,1,14,2,12
"147","halt","Homonymy",4,"Many","Few",1,-0.765448717948718,81,15,4,1,2,7,1,32,3.94,1.35,1,10,2,7
"148","hatch","Homonymy",5,"Many","Few",1,-1.051163003663,69,10,5,1,3,9,1.4,179,3.85,1.45,1,9,3,9
"149","hawk","Homonymy",4,"Many","Few",1,0.198836996336996,75,5,4,1,3,9,1.45,153,3.66,1.65,1,5,3,9
"150","heel","Hybrid",4,"Many","Many",2,0.0120502645502647,88,14,4,1,2,11,1.05,158,3.81,1.5,1,7,2,11
"151","hitch","Hybrid",5,"Many","Many",2,-1.27366402116402,69,14,5,1,2,11,1.25,179,3.47,1.6,1,7,2,11
"152","hole","Unambiguous",4,"One","Few",1,0.84320411070411,NA,NA,NA,NA,NA,NA,NA,NA,4.76,1,1,16,1,9
"153","hood","Unambiguous",4,"One","Few",1,0.628918396418396,NA,NA,NA,NA,NA,NA,NA,NA,3.95,1.35,1,11,1,6
"154","hook","Polysemy",4,"One","Many",2,-0.0685714285714285,NA,NA,NA,NA,NA,NA,NA,NA,4.21,1.25,1,12,1,19
"155","hop","Hybrid",3,"Many","Many",2,0.512050264550265,83,31,3,1,2,11,1,123,4.31,1,1,18,2,11
"156","host","Homonymy",4,"Many","Few",1,0.198836996336996,75,12,4,1,3,6,1.05,179,4.39,1.3,1,10,3,6
"157","hunt","Unambiguous",4,"One","Few",1,0.0217755392755388,NA,NA,NA,NA,NA,NA,NA,NA,4.69,1.4,1,8,1,8
"158","ill","Polysemy",3,"One","Many",2,0.11,NA,NA,NA,NA,NA,NA,NA,NA,4.59,1.15,1,3,1,11
"159","intent","Homonymy",6,"Many","Few",1,-1.01544871794872,67,3,6,2,2,5,1.8,179,3.85,1.8,2,3,2,5
"160","iron","Polysemy",4,"One","Many",2,0.181428571428571,NA,NA,NA,NA,NA,NA,NA,NA,4.52,1.75,2,2,1,16
"161","jerk","Homonymy",4,"Many","Few",1,0.341694139194138,82,5,4,1,2,6,1.55,70,3.55,1.8,1,2,2,6
"162","join","Unambiguous",4,"One","Few",1,0.164632682132681,NA,NA,NA,NA,NA,NA,NA,NA,5.1,1.75,1,3,1,8
"163","joint","Polysemy",5,"One","Many",2,-0.282857142857142,NA,NA,NA,NA,NA,NA,NA,NA,4.3,1.75,1,3,1,13
"164","junk","Homonymy",4,"Many","Few",1,0.734551282051282,97,11,4,1,2,6,1.3,179,3.97,1.6,1,7,2,6
"165","key","Homonymy",3,"Many","Few",1,1.27026556776557,86,12,3,1,2,9,1.15,171,5.07,1.65,1,6,2,9
"166","kitty","Homonymy",5,"Many","Few",1,1.41312271062271,87,7,5,2,2,4,1.65,179,4.02,1.8,2,4,2,4
"167","knot","Hybrid",4,"Many","Many",2,0.690621693121693,98,6,4,1,2,15,1.6,179,3.74,1.65,1,4,2,15
"168","lame","Unambiguous",4,"One","Few",1,0.271775539275539,NA,NA,NA,NA,NA,NA,NA,NA,3.51,1,1,20,1,4
"169","land","Polysemy",4,"One","Many",2,0.895714285714286,NA,NA,NA,NA,NA,NA,NA,NA,5.18,1.15,1,11,1,11
"170","lash","Hybrid",4,"Many","Many",2,-1.27366402116402,82,19,4,1,2,12,1,179,3.18,1,1,14,2,12
"171","lawn","Homonymy",4,"Many","Few",1,1.05597985347985,97,8,4,1,2,2,1.4,165,3.94,1.55,1,7,2,2
"172","lead","Hybrid",4,"Many","Many",2,0.476335978835979,NA,NA,NA,NA,NA,NA,NA,NA,5.18,1.05,1,14,2,30
"173","lean","Hybrid",4,"Many","Many",2,0.262050264550265,65,17,4,1,2,11,1,66,4.05,1.1,1,12,2,11
"174","lend","Unambiguous",4,"One","Few",1,-0.65679588929589,NA,NA,NA,NA,NA,NA,NA,NA,4.11,1.15,1,13,1,4
"175","lick","Polysemy",4,"One","Many",2,0.895714285714286,NA,NA,NA,NA,NA,NA,NA,NA,3.86,1.05,1,15,1,11
"176","lift","Polysemy",4,"One","Many",2,0.252857142857144,NA,NA,NA,NA,NA,NA,NA,NA,4.75,1.45,1,9,1,12
"177","limb","Homonymy",4,"Many","Few",1,-0.0154487179487184,85,5,4,1,2,4,1.5,146,3.67,1.55,1,5,2,4
"178","limp","Homonymy",4,"Many","Few",1,-0.0154487179487184,62,12,4,1,2,5,1.1,92,3.35,1.35,1,8,2,5
"179","lip","Unambiguous",3,"One","Few",1,0.914632682132681,NA,NA,NA,NA,NA,NA,NA,NA,3.91,1,1,15,1,5
"180","list","Homonymy",4,"Many","Few",1,0.805979853479853,96,16,4,1,2,5,1,179,4.96,1.3,1,12,2,5
"181","load","Polysemy",4,"One","Many",2,0.0385714285714291,NA,NA,NA,NA,NA,NA,NA,NA,4.49,1.4,1,10,1,13
"182","lock","Hybrid",4,"Many","Many",2,0.79776455026455,77,19,4,1,2,12,1,105,4.42,1.05,1,15,2,12
"183","lodge","Polysemy",5,"One","Many",2,-0.747142857142856,NA,NA,NA,NA,NA,NA,NA,NA,3.76,1.7,1,2,1,11
"184","loop","Polysemy",4,"One","Many",2,-0.247142857142856,NA,NA,NA,NA,NA,NA,NA,NA,3.82,1.35,1,8,1,11
"185","loss","Unambiguous",4,"One","Few",1,0.307489824989824,NA,NA,NA,NA,NA,NA,NA,NA,4.67,1.05,1,15,1,6
"186","lying","Homonymy",5,"Many","Few",1,0.341694139194138,72,3,5,2,2,4,1.65,179,4.66,1.65,2,3,2,4
"187","mail","Homonymy",4,"Many","Few",1,0.877408424908424,83,19,4,1,2,6,1,118,4.63,1,1,18,2,6
"188","mark","Hybrid",4,"Many","Many",2,0.404907407407407,93,25,4,1,2,17,1,42,5.37,1.15,1,14,2,17
"189","mask","Polysemy",4,"One","Many",2,0.36,NA,NA,NA,NA,NA,NA,NA,NA,4.04,1.45,1,9,1,11
"190","massive","Unambiguous",7,"One","Few",1,0.59320411070411,NA,NA,NA,NA,NA,NA,NA,NA,5.04,2.1,2,2,1,3
"191","mate","Hybrid",4,"Many","Many",2,-0.0236640211640209,76,28,4,2,2,12,1,88,5.1,1,1,21,2,12
"192","meal","Homonymy",4,"Many","Few",1,1.198836996337,83,18,4,1,2,3,1,140,4.53,1.15,1,13,2,3
"193","mess","Polysemy",4,"One","Many",2,0.86,NA,NA,NA,NA,NA,NA,NA,NA,4.79,1.45,1,9,1,11
"194","mount","Hybrid",5,"Many","Many",2,-0.773664021164021,84,3,5,1,2,11,1.7,179,4.12,1.7,1,4,2,11
"195","mystic","Unambiguous",6,"One","Few",1,-1.44251017501018,NA,NA,NA,NA,NA,NA,NA,NA,3.06,2.5,2,1,1,5
"196","nest","Polysemy",4,"One","Many",2,0.36,NA,NA,NA,NA,NA,NA,NA,NA,4.4,1.15,1,15,1,11
"197","net","Hybrid",3,"Many","Many",2,0.833478835978836,73,25,3,1,2,11,1,112,4.53,1,1,15,2,11
"198","nip","Hybrid",3,"Many","Many",2,-0.999854497354498,84,20,3,1,2,11,1,74,3.74,1.2,1,14,2,11
"199","note","Polysemy",4,"One","Many",2,0.574285714285715,NA,NA,NA,NA,NA,NA,NA,NA,4.62,1.4,1,9,1,11
"200","oath","Unambiguous",4,"One","Few",1,-1.04965303215303,NA,NA,NA,NA,NA,NA,NA,NA,3.54,1.5,1,7,1,4
"201","pace","Hybrid",4,"Many","Many",2,-0.20223544973545,94,21,4,2,2,13,1,179,4.6,1,1,14,2,13
"202","pack","Hybrid",4,"Many","Many",2,0.404907407407407,84,25,4,1,2,17,1,179,4.62,1.1,1,17,2,17
"203","pad","Hybrid",3,"Many","Many",2,0.0477645502645503,79,35,3,1,2,14,1,179,3.97,1,1,21,2,14
"204","palm","Homonymy",4,"Many","Few",1,0.484551282051282,69,9,4,1,2,7,1.25,124,3.87,1.55,1,5,2,7
"205","panel","Unambiguous",5,"One","Few",1,-1.47822446072446,NA,NA,NA,NA,NA,NA,NA,NA,4.39,1.85,2,1,1,7
"206","peak","Unambiguous",4,"One","Few",1,-0.371081603581604,NA,NA,NA,NA,NA,NA,NA,NA,4.26,1.25,1,11,1,7
"207","pet","Homonymy",3,"Many","Few",1,1.62740842490842,93,31,3,1,2,8,1,152,4.46,1,1,22,2,8
"208","pile","Hybrid",4,"Many","Many",2,-0.237949735449735,79,19,4,1,3,15,1,93,4.23,1.1,1,15,3,15
"209","pink","Homonymy",4,"Many","Few",1,0.984551282051282,98,24,4,1,2,8,1,179,4.8,1,1,15,2,8
"210","pipe","Hybrid",4,"Many","Many",2,0.476335978835979,88,12,4,1,2,15,1.15,159,4.26,1.4,1,7,2,15
"211","pitch","Hybrid",5,"Many","Many",2,-0.380806878306879,88,14,5,1,2,23,1.15,179,4.6,1.55,1,7,2,23
"212","plump","Hybrid",5,"Many","Many",2,-0.666521164021164,84,5,5,1,2,11,1.6,179,3.6,1.55,1,5,2,11
"213","poke","Polysemy",4,"One","Many",2,0.502857142857144,NA,NA,NA,NA,NA,NA,NA,NA,3.57,1.1,1,14,1,12
"214","poker","Homonymy",5,"Many","Few",1,0.16312271062271,74,10,5,2,2,2,1.35,179,3.78,1.55,2,5,2,2
"215","pool","Hybrid",4,"Many","Many",2,0.97633597883598,64,15,4,1,2,11,1.05,143,4.54,1.45,1,9,2,11
"216","pop","Hybrid",3,"Many","Many",2,0.29776455026455,51,29,3,4,3,20,1,179,4.95,1,1,18,3,20
"217","port","Hybrid",4,"Many","Many",2,-0.809378306878307,48,20,4,1,5,16,1,116,4.49,1.25,1,12,5,16
"218","pose","Homonymy",4,"Many","Few",1,-0.622591575091576,79,20,4,1,2,8,1,179,3.94,1,1,13,2,8
"219","post","Hybrid",4,"Many","Many",2,0.333478835978836,43,18,4,1,3,15,1,96,4.87,1.05,1,15,3,15
"220","pound","Hybrid",5,"Many","Many",2,0.619193121693121,51,7,5,1,3,15,1.55,122,4.51,1.55,1,7,3,15
"221","precise","Unambiguous",7,"One","Few",1,-0.621081603581604,NA,NA,NA,NA,NA,NA,NA,NA,4.06,2.15,2,1,1,5
"222","press","Hybrid",5,"Many","Many",2,0.369193121693121,91,7,5,1,2,17,1.55,179,4.89,1.7,1,6,2,17
"223","prize","Unambiguous",5,"One","Few",1,0.807489824989824,NA,NA,NA,NA,NA,NA,NA,NA,4.81,1.75,1,3,1,8
"224","prop","Homonymy",4,"Many","Few",1,-0.979734432234433,61,17,4,1,3,6,1,53,3.85,1.25,1,12,3,6
"225","puff","Polysemy",4,"One","Many",2,-0.89,NA,NA,NA,NA,NA,NA,NA,NA,3.92,1.55,1,7,1,16
"226","pump","Hybrid",4,"Many","Many",2,0.0120502645502647,82,14,4,1,2,13,1.1,125,4.11,1.3,1,11,2,13
"227","pure","Unambiguous",4,"One","Few",1,-0.478224460724461,NA,NA,NA,NA,NA,NA,NA,NA,4.35,1.25,1,11,1,8
"228","purge","Polysemy",5,"One","Many",2,-1.67571428571429,NA,NA,NA,NA,NA,NA,NA,NA,2.81,1.65,1,3,1,12
"229","quest","Unambiguous",5,"One","Few",1,-1.01393874643875,NA,NA,NA,NA,NA,NA,NA,NA,4.11,1.9,1,1,1,4
"230","rack","Hybrid",4,"Many","Many",2,0.226335978835979,NA,NA,NA,NA,NA,NA,NA,NA,3.81,1,1,16,5,15
"231","rage","Unambiguous",4,"One","Few",1,-0.40679588929589,NA,NA,NA,NA,NA,NA,NA,NA,3.83,1,1,15,1,8
"232","rake","Hybrid",4,"Many","Many",2,0.226335978835979,84,23,4,1,3,17,1,120,3.4,1,1,16,3,17
"233","rally","Hybrid",5,"Many","Many",2,-0.916521164021164,86,7,5,2,2,14,1.35,179,3.94,1.5,2,7,2,14
"234","rank","Hybrid",4,"Many","Many",2,0.119193121693121,75,17,4,1,2,14,1,179,3.9,1,1,15,2,14
"235","rare","Homonymy",4,"Many","Few",1,0.198836996336996,67,26,4,1,2,5,1,46,4.68,1.1,1,16,2,5
"236","rate","Hybrid",4,"Many","Many",2,-0.095092592592593,84,28,4,1,2,14,1,4,4.85,1,1,19,2,14
"237","reach","Polysemy",5,"One","Many",2,0.11,NA,NA,NA,NA,NA,NA,NA,NA,4.81,1.5,1,7,1,13
"238","rear","Homonymy",4,"Many","Few",1,-0.051163003663004,70,18,4,1,2,9,1,55,4.24,1,1,16,2,9
"239","rent","Homonymy",4,"Many","Few",1,-0.0154487179487184,90,21,4,1,2,8,1,63,4.53,1.15,1,15,2,8
"240","rice","Unambiguous",4,"One","Few",1,0.878918396418396,NA,NA,NA,NA,NA,NA,NA,NA,4.42,1.05,1,16,1,3
"241","rich","Unambiguous",4,"One","Few",1,0.914632682132681,NA,NA,NA,NA,NA,NA,NA,NA,4.86,1.9,1,2,1,8
"242","ripe","Unambiguous",4,"One","Few",1,-0.478224460724461,NA,NA,NA,NA,NA,NA,NA,NA,3.7,1.1,1,13,1,5
"243","rise","Polysemy",4,"One","Many",2,0.11,NA,NA,NA,NA,NA,NA,NA,NA,4.78,1.1,1,12,1,24
"244","roast","Polysemy",5,"One","Many",2,-0.175714285714285,NA,NA,NA,NA,NA,NA,NA,NA,4.18,1.7,1,4,1,12
"245","rock","Hybrid",4,"Many","Many",2,1.40490740740741,54,15,4,1,2,13,1,166,5.01,1.1,1,13,2,13
"246","rocky","Homonymy",5,"Many","Few",1,0.234551282051282,68,5,5,2,2,6,1.65,179,3.99,1.85,2,2,2,6
"247","root","Hybrid",4,"Many","Many",2,0.0834788359788359,57,17,4,1,3,16,1,132,4.13,1.1,1,14,3,16
"248","rose","Homonymy",4,"Many","Few",1,1.02026556776557,62,22,4,2,2,8,1,174,4.64,1,1,14,2,8
"249","rough","Polysemy",5,"One","Many",2,0.324285714285715,NA,NA,NA,NA,NA,NA,NA,NA,4.46,1.55,1,7,1,14
"250","rule","Polysemy",4,"One","Many",2,0.252857142857144,NA,NA,NA,NA,NA,NA,NA,NA,4.67,1.4,1,8,1,11
"251","rush","Hybrid",4,"Many","Many",2,0.476335978835979,91,16,4,1,2,13,1,26,4.44,1.3,1,11,2,13
"252","sack","Hybrid",4,"Many","Many",2,-0.0236640211640209,72,19,4,1,3,11,1,118,4,1,1,15,3,11
"253","sad","Unambiguous",3,"One","Few",1,1.45034696784697,NA,NA,NA,NA,NA,NA,NA,NA,4.81,1,1,19,1,4
"254","sail","Polysemy",4,"One","Many",2,0.36,NA,NA,NA,NA,NA,NA,NA,NA,4.17,1.2,1,13,1,11
"255","sand","Unambiguous",4,"One","Few",1,0.771775539275539,NA,NA,NA,NA,NA,NA,NA,NA,4.51,1.2,1,11,1,7
"256","sauce","Unambiguous",5,"One","Few",1,0.378918396418396,NA,NA,NA,NA,NA,NA,NA,NA,4.79,1.8,1,1,1,5
"257","scale","Hybrid",5,"Many","Many",2,0.369193121693121,63,8,5,1,3,17,1.4,60,4.72,1.55,1,6,3,17
"258","scent","Unambiguous",5,"One","Few",1,0.200346967846967,NA,NA,NA,NA,NA,NA,NA,NA,4.03,1.65,1,3,1,7
"259","scout","Unambiguous",5,"One","Few",1,-0.549653032153033,NA,NA,NA,NA,NA,NA,NA,NA,3.76,1.6,1,6,1,8
"260","scrub","Hybrid",5,"Many","Many",2,-0.095092592592593,69,3,5,1,2,12,1.8,179,3.69,1.85,1,2,2,12
"261","seal","Hybrid",4,"Many","Many",2,-0.273664021164021,64,18,4,1,2,14,1,131,4.28,1.05,1,15,2,14
"262","serial","Unambiguous",6,"One","Few",1,-2.26393874643875,NA,NA,NA,NA,NA,NA,NA,NA,3.67,1.85,2,2,1,4
"263","shade","Polysemy",5,"One","Many",2,0.0385714285714291,NA,NA,NA,NA,NA,NA,NA,NA,3.98,1.45,1,8,1,14
"264","shaft","Polysemy",5,"One","Many",2,-1.31857142857143,NA,NA,NA,NA,NA,NA,NA,NA,3.6,1.75,1,2,1,11
"265","shark","Homonymy",5,"Many","Few",1,0.984551282051282,82,8,5,1,2,4,1.4,162,4.17,1.5,1,8,2,4
"266","shed","Homonymy",4,"Many","Few",1,-0.0868772893772896,62,14,4,1,2,8,1,162,4.38,1.35,1,7,2,8
"267","sheet","Homonymy",5,"Many","Few",1,0.734551282051282,89,7,5,1,2,8,1.55,156,4.17,1.65,1,6,2,8
"268","shock","Hybrid",5,"Many","Many",2,-0.095092592592593,84,7,5,1,3,11,1.5,65,4.63,1.55,1,6,3,11
"269","shook","Homonymy",5,"Many","Few",1,-0.58687728937729,95,8,5,1,2,3,1.45,179,3.71,1.65,1,5,2,3
"270","shop","Unambiguous",4,"One","Few",1,1.16463268213268,NA,NA,NA,NA,NA,NA,NA,NA,5.05,1.35,1,10,1,4
"271","shore","Homonymy",5,"Many","Few",1,0.305979853479853,89,16,5,1,2,4,1,175,4.12,1.1,1,13,2,4
"272","sink","Polysemy",4,"One","Many",2,0.467142857142858,NA,NA,NA,NA,NA,NA,NA,NA,4.26,1,1,15,1,12
"273","sissy","Unambiguous",5,"One","Few",1,-1.01393874643875,NA,NA,NA,NA,NA,NA,NA,NA,3.04,1.9,2,2,1,2
"274","size","Homonymy",4,"Many","Few",1,1.09169413919414,96,5,4,1,2,7,1.5,31,5.09,1.65,1,4,2,7
"275","skate","Homonymy",5,"Many","Few",1,1.05597985347985,89,4,5,1,2,3,1.6,131,3.61,1.65,1,3,2,3
"276","skill","Unambiguous",5,"One","Few",1,0.557489824989824,NA,NA,NA,NA,NA,NA,NA,NA,4.4,1.55,1,5,1,2
"277","skipper","Homonymy",7,"Many","Few",1,-1.87788258038258,74,3,7,2,2,4,1.7,179,3.96,1.75,2,3,2,4
"278","skirt","Unambiguous",5,"One","Few",1,0.771775539275539,NA,NA,NA,NA,NA,NA,NA,NA,3.81,1.75,1,3,1,7
"279","slack","Hybrid",5,"Many","Many",2,-0.666521164021164,94,9,5,1,2,12,1.4,179,3.5,1.45,1,8,2,12
"280","slave","Unambiguous",5,"One","Few",1,0.236061253561252,NA,NA,NA,NA,NA,NA,NA,NA,3.87,1.4,1,6,1,4
"281","slice","Polysemy",5,"One","Many",2,-0.318571428571429,NA,NA,NA,NA,NA,NA,NA,NA,4.19,1.5,1,5,1,11
"282","slick","Homonymy",5,"Many","Few",1,-0.944020146520147,70,10,5,1,2,7,1.35,179,3.63,1.5,1,7,2,7
"283","slip","Hybrid",4,"Many","Many",2,0.54776455026455,83,11,4,1,2,21,1.3,83,4.33,1.3,1,11,2,21
"284","smack","Hybrid",5,"Many","Many",2,0.29776455026455,73,5,5,1,4,15,1.6,161,3.69,1.6,1,5,4,15
"285","smear","Unambiguous",5,"One","Few",1,-1.1210816035816,NA,NA,NA,NA,NA,NA,NA,NA,3.24,1.75,1,3,1,9
"286","snap","Polysemy",4,"One","Many",2,-0.104285714285714,NA,NA,NA,NA,NA,NA,NA,NA,4.12,1.55,1,6,1,20
"287","soak","Polysemy",4,"One","Many",2,0.395714285714286,NA,NA,NA,NA,NA,NA,NA,NA,3.78,1.75,1,3,1,12
"288","sober","Unambiguous",5,"One","Few",1,0.664632682132681,NA,NA,NA,NA,NA,NA,NA,NA,3.65,1.85,2,2,1,7
"289","sock","Homonymy",4,"Many","Few",1,1.448836996337,72,18,4,1,2,4,1,122,3.77,1.2,1,12,2,4
"290","soft","Polysemy",4,"One","Many",2,0.78857142857143,NA,NA,NA,NA,NA,NA,NA,NA,4.68,1.6,1,5,1,12
"291","sore","Unambiguous",4,"One","Few",1,-0.192510175010176,NA,NA,NA,NA,NA,NA,NA,NA,4.06,1,1,16,1,7
"292","sour","Polysemy",4,"One","Many",2,0.324285714285715,NA,NA,NA,NA,NA,NA,NA,NA,3.97,1.2,2,12,1,12
"293","spark","Unambiguous",5,"One","Few",1,0.0574898249898244,NA,NA,NA,NA,NA,NA,NA,NA,3.85,1.6,1,5,1,8
"294","spell","Hybrid",5,"Many","Many",2,0.869193121693121,53,9,5,1,3,11,1.4,38,4.31,1.65,1,5,3,11
"295","spike","Hybrid",5,"Many","Many",2,-0.095092592592593,92,7,5,1,2,11,1.4,140,3.77,1.5,1,7,2,11
"296","spill","Hybrid",5,"Many","Many",2,0.512050264550265,97,8,5,1,2,11,1.45,179,3.88,1.55,1,6,2,11
"297","spin","Polysemy",4,"One","Many",2,0.431428571428571,NA,NA,NA,NA,NA,NA,NA,NA,4.41,1.45,1,6,1,15
"298","stake","Hybrid",5,"Many","Many",2,-0.95223544973545,66,11,5,1,2,12,1.25,88,4.27,1.3,1,10,2,12
"299","stalk","Homonymy",5,"Many","Few",1,0.0202655677655672,69,5,5,1,2,9,1.65,47,3.37,1.65,1,5,2,9
"300","stall","Hybrid",5,"Many","Many",2,-0.737949735449736,60,8,5,1,2,18,1.45,179,4.18,1.65,1,5,2,18
"301","stamp","Polysemy",5,"One","Many",2,-0.032857142857142,NA,NA,NA,NA,NA,NA,NA,NA,4.2,1.7,1,4,1,15
"302","steam","Polysemy",5,"One","Many",2,0.467142857142858,NA,NA,NA,NA,NA,NA,NA,NA,4.39,1.55,1,3,1,11
"303","stem","Hybrid",4,"Many","Many",2,-0.130806878306879,74,7,4,1,3,16,1.45,106,3.86,1.65,1,5,3,16
"304","stern","Homonymy",5,"Many","Few",1,-1.08687728937729,70,3,5,1,2,3,1.65,36,3.57,1.75,1,1,2,3
"305","stiff","Polysemy",5,"One","Many",2,-0.247142857142856,NA,NA,NA,NA,NA,NA,NA,NA,3.96,1.7,1,4,1,13
"306","sting","Unambiguous",5,"One","Few",1,0.164632682132681,NA,NA,NA,NA,NA,NA,NA,NA,4.27,1.3,1,6,1,9
"307","stir","Hybrid",4,"Many","Many",2,0.583478835978836,95,5,4,1,2,11,1.5,179,4.18,1.75,1,1,2,11
"308","storm","Unambiguous",5,"One","Few",1,1.02177553927554,NA,NA,NA,NA,NA,NA,NA,NA,4.46,1.75,1,3,1,8
"309","stove","Homonymy",5,"Many","Few",1,0.520265567765567,90,8,5,1,2,3,1.4,154,3.67,1.6,1,6,2,3
"310","strain","Hybrid",6,"Many","Many",2,-0.630806878306879,81,2,6,1,2,20,1.75,25,4,1.75,1,2,2,20
"311","strip","Homonymy",5,"Many","Few",1,0.377408424908424,61,5,5,1,2,9,1.55,179,4.13,1.6,1,4,2,9
"312","stud","Hybrid",4,"Many","Many",2,-0.45223544973545,70,5,4,1,2,11,1.55,179,3.46,1.65,1,4,2,11
"313","stunt","Homonymy",5,"Many","Few",1,-0.729734432234433,62,6,5,1,2,6,1.55,38,3.88,1.65,1,5,2,6
"314","suck","Polysemy",4,"One","Many",2,0.252857142857144,NA,NA,NA,NA,NA,NA,NA,NA,3.93,1.1,1,15,1,13
"315","swamp","Unambiguous",5,"One","Few",1,-0.263938746438748,NA,NA,NA,NA,NA,NA,NA,NA,3.51,1.65,1,3,1,5
"316","sway","Polysemy",4,"One","Many",2,-1.21142857142857,NA,NA,NA,NA,NA,NA,NA,NA,3.56,1.3,1,11,1,11
"317","swear","Unambiguous",5,"One","Few",1,0.378918396418396,NA,NA,NA,NA,NA,NA,NA,NA,4.26,1.65,1,4,1,7
"318","swine","Unambiguous",5,"One","Few",1,-1.1673778998779,NA,NA,NA,NA,NA,NA,NA,NA,3.42,1.55,1,6,1,3
"319","swing","Polysemy",5,"One","Many",2,0.538571428571429,NA,NA,NA,NA,NA,NA,NA,NA,4.46,1.3,1,6,1,25
"320","tack","Polysemy",4,"One","Many",2,-1.17571428571429,NA,NA,NA,NA,NA,NA,NA,NA,3.5,1,1,16,1,12
"321","tail","Polysemy",4,"One","Many",2,0.431428571428571,NA,NA,NA,NA,NA,NA,NA,NA,4.45,1.2,1,13,1,13
"322","tall","Unambiguous",4,"One","Few",1,1.1289183964184,NA,NA,NA,NA,NA,NA,NA,NA,4.51,1.05,1,16,1,6
"323","tango","Unambiguous",5,"One","Few",1,-2.01393874643875,NA,NA,NA,NA,NA,NA,NA,NA,3.88,1.7,2,4,1,3
"324","task","Unambiguous",4,"One","Few",1,0.307489824989824,NA,NA,NA,NA,NA,NA,NA,NA,4.66,1.55,1,7,1,4
"325","tear","Hybrid",4,"Many","Many",2,0.690621693121693,61,22,4,1,2,16,1,120,4.23,1,1,17,2,16
"326","teddy","Unambiguous",5,"One","Few",1,-0.478224460724461,NA,NA,NA,NA,NA,NA,NA,NA,4.12,1.9,2,1,1,1
"327","temper","Polysemy",6,"One","Many",2,-0.497142857142856,NA,NA,NA,NA,NA,NA,NA,NA,3.79,1.85,2,0,1,11
"328","tender","Hybrid",6,"Many","Many",2,-0.407261904761905,54,13,6,2,3,12,1.3,38,4.06,1.4,2,11,3,12
"329","tense","Homonymy",5,"Many","Few",1,-0.301163003663004,67,6,5,1,2,7,1.45,35,4.08,1.55,1,5,2,7
"330","term","Unambiguous",4,"One","Few",1,-0.335367317867319,NA,NA,NA,NA,NA,NA,NA,NA,5.05,1.65,1,5,1,7
"331","test","Homonymy",4,"Many","Few",1,1.23455128205128,96,17,4,1,2,7,1,101,5.06,1.25,1,13,2,7
"332","thin","Polysemy",4,"One","Many",2,0.61,NA,NA,NA,NA,NA,NA,NA,NA,4.48,1.4,1,7,1,11
"333","thread","Polysemy",6,"One","Many",2,-0.211428571428571,NA,NA,NA,NA,NA,NA,NA,NA,3.74,1.85,1,1,1,12
"334","thrust","Polysemy",6,"One","Many",2,-0.997142857142857,NA,NA,NA,NA,NA,NA,NA,NA,3.73,1.85,1,1,1,11
"335","tick","Homonymy",4,"Many","Few",1,-0.301163003663004,70,16,4,1,3,9,1,179,4.15,1.1,1,13,3,9
"336","tie","Polysemy",3,"One","Many",2,0.681428571428571,NA,NA,NA,NA,NA,NA,NA,NA,4.58,1,1,14,1,15
"337","tire","Homonymy",4,"Many","Few",1,0.41312271062271,62,18,4,2,2,5,1,91,3.2,1.1,2,14,2,5
"338","toast","Homonymy",5,"Many","Few",1,0.984551282051282,61,3,5,1,2,9,1.7,156,4.27,1.75,1,3,2,9
"339","toll","Homonymy",4,"Many","Few",1,-0.658305860805862,80,18,4,1,2,7,1,33,3.94,1.2,1,13,2,7
"340","toy","Unambiguous",3,"One","Few",1,1.41463268213268,NA,NA,NA,NA,NA,NA,NA,NA,4.39,1,1,16,1,7
"341","trace","Hybrid",5,"Many","Many",2,-0.523664021164021,94,7,5,1,2,12,1.35,15,4.15,1.4,1,7,2,12
"342","trail","Polysemy",5,"One","Many",2,0.11,NA,NA,NA,NA,NA,NA,NA,NA,4.27,1.6,1,5,1,12
"343","tramp","Polysemy",5,"One","Many",2,-1.14,NA,NA,NA,NA,NA,NA,NA,NA,3.51,1.6,1,3,1,12
"344","trap","Hybrid",4,"Many","Many",2,0.476335978835979,90,9,4,1,3,14,1.25,179,4.22,1.45,1,6,3,14
"345","trim","Polysemy",4,"One","Many",2,-0.675714285714285,NA,NA,NA,NA,NA,NA,NA,NA,3.74,1.6,1,6,1,13
"346","trip","Polysemy",4,"One","Many",2,0.752857142857144,NA,NA,NA,NA,NA,NA,NA,NA,4.75,1.5,1,5,1,17
"347","tube","Unambiguous",4,"One","Few",1,0.200346967846967,NA,NA,NA,NA,NA,NA,NA,NA,4.28,1.6,1,4,1,6
"348","tune","Polysemy",4,"One","Many",2,-0.032857142857142,NA,NA,NA,NA,NA,NA,NA,NA,4.49,1.4,1,8,1,11
"349","undone","Homonymy",6,"Many","Few",1,-0.479734432234433,59,1,6,2,2,5,2,179,3.39,2.25,2,0,2,5
"350","unlock","Unambiguous",6,"One","Few",1,0.164632682132681,NA,NA,NA,NA,NA,NA,NA,NA,3.63,2.1,2,1,1,4
"351","van","Homonymy",3,"Many","Few",1,1.12740842490842,94,25,3,1,2,2,1,139,4.69,1.2,1,12,2,2
"352","vault","Hybrid",5,"Many","Many",2,-0.309378306878307,73,4,5,1,2,11,1.75,120,3.65,1.85,1,2,2,11
"353","vest","Unambiguous",4,"One","Few",1,0.128918396418396,NA,NA,NA,NA,NA,NA,NA,NA,3.54,1.3,1,12,1,6
"354","vice","Homonymy",4,"Many","Few",1,-2.15830586080586,85,17,4,1,2,7,1,30,3.97,1.4,1,8,2,7
"355","void","Polysemy",4,"One","Many",2,-1.31857142857143,NA,NA,NA,NA,NA,NA,NA,NA,3.48,1.85,1,0,1,11
"356","vote","Unambiguous",4,"One","Few",1,0.807489824989824,NA,NA,NA,NA,NA,NA,NA,NA,5.16,1.55,1,6,1,8
"357","wave","Polysemy",4,"One","Many",2,0.61,NA,NA,NA,NA,NA,NA,NA,NA,4.55,1,1,16,1,13
"358","wedge","Unambiguous",5,"One","Few",1,-0.835367317867319,NA,NA,NA,NA,NA,NA,NA,NA,3.45,1.65,1,4,1,8
"359","weed","Homonymy",4,"Many","Few",1,1.12740842490842,97,17,4,1,2,7,1,157,3.78,1,1,15,2,7
"360","whale","Homonymy",5,"Many","Few",1,0.734551282051282,76,4,5,1,2,3,1.6,174,4.14,1.6,1,3,2,3
"361","wheel","Polysemy",5,"One","Many",2,0.824285714285715,NA,NA,NA,NA,NA,NA,NA,NA,4.51,1.9,1,0,1,12
"362","whip","Polysemy",4,"One","Many",2,0.11,NA,NA,NA,NA,NA,NA,NA,NA,4.08,1.55,1,7,1,13
"363","whirl","Polysemy",5,"One","Many",2,-0.997142857142857,NA,NA,NA,NA,NA,NA,NA,NA,3.14,1.85,1,2,1,11
"364","wild","Polysemy",4,"One","Many",2,0.467142857142858,NA,NA,NA,NA,NA,NA,NA,NA,4.96,1.45,1,9,1,14
"365","wing","Polysemy",4,"One","Many",2,0.36,NA,NA,NA,NA,NA,NA,NA,NA,4.46,1.15,1,11,1,13
"366","wink","Polysemy",4,"One","Many",2,0.324285714285715,NA,NA,NA,NA,NA,NA,NA,NA,3.46,1.15,1,14,1,11
"367","wire","Polysemy",4,"One","Many",2,0.217142857142858,NA,NA,NA,NA,NA,NA,NA,NA,4.29,1,2,17,1,14
"368","wise","Homonymy",4,"Many","Few",1,0.448836996336996,86,14,4,1,2,6,1.05,29,4.53,1.5,1,9,2,6
"369","witch","Unambiguous",5,"One","Few",1,0.307489824989824,NA,NA,NA,NA,NA,NA,NA,NA,4.06,1.45,1,7,1,4
"370","wool","Unambiguous",4,"One","Few",1,-0.335367317867319,NA,NA,NA,NA,NA,NA,NA,NA,4.11,1.55,1,7,1,5
"371","worm","Polysemy",4,"One","Many",2,0.467142857142858,NA,NA,NA,NA,NA,NA,NA,NA,3.84,1.4,1,10,1,11
"372","wound","Homonymy",5,"Many","Few",1,0.0202655677655672,NA,NA,NA,NA,NA,NA,NA,NA,4.1,1.55,1,8,2,5
"373","yard","Homonymy",4,"Many","Few",1,1.27026556776557,58,14,4,1,2,6,1.15,135,4.33,1.6,1,7,2,6
"374","zone","Polysemy",4,"One","Many",2,-0.175714285714285,NA,NA,NA,NA,NA,NA,NA,NA,4.58,1.35,1,9,1,11
